{
  "id": "dd238f5c-ef32-4d37-ab3d-85def059516b",
  "metricId": "snmp.cisco.firepower.cpu.total.1min",
  "name": "Firepower - CPU alert",
  "description": "The {metricname} value was {alert_condition} normal behavior. Dimensions: {dims}",
  "enabled": true,
  "monitoringStrategy": {
    "type": "STATIC_THRESHOLD",
    "violatingSamples": 3,
    "samples": 5,
    "dealertingSamples": 5,
    "alertCondition": "ABOVE",
    "alertingOnMissingData": false,
    "threshold": 90
  },
  "primaryDimensionKey": "dt.entity.snmp:cisco_firepower",
  "alertCondition": "ABOVE",
  "samples": 5,
  "violatingSamples": 3,
  "dealertingSamples": 5,
  "threshold": 90,
  "eventType": "CUSTOM_ALERT"
}