{
  "id": "14aadf7f-79f3-4f9a-bab6-dc99021a2142",
  "metricId": "snmp.cisco.firepower.fault.severity",
  "name": "Firepower - Fault alert",
  "description": "The {metricname} value was {alert_condition} normal behavior. Dimensions: {dims}",
  "enabled": true,
  "monitoringStrategy": {
    "type": "STATIC_THRESHOLD",
    "violatingSamples": 3,
    "samples": 5,
    "dealertingSamples": 5,
    "alertCondition": "ABOVE",
    "alertingOnMissingData": false,
    "threshold": 4
  },
  "primaryDimensionKey": "dt.entity.snmp:cisco_firepower_fault",
  "alertCondition": "ABOVE",
  "samples": 5,
  "violatingSamples": 3,
  "dealertingSamples": 5,
  "threshold": 4,
  "eventType": "CUSTOM_ALERT"
}